AcctNumber,AcctName,AcctType,sort,OTrate
D001,Witholding Tax,D,15,1
D002,SSS Premium,D,16,1
D003,Phil. Health Premium,D,17,1
D004,Pagibig Premium,D,18,1
D005,SSS Loan            ,D,999,1
D006,HDMF Loan           ,D,999,1
D007,Pagibig Loan,D,999,1
D008,Housing Loan        ,D,999,1
D009,Extra Uniform,D,999,1
D010,Surety Bond         ,D,999,1
D011,COOP Membership     ,D,999,1
D012,Cash Advances,D,999,1
D013,Extra Paraphernalia,D,999,1
D014,GEMCO Coop Hospitalization Aid,D,999,1
D015,GEMCO Coop Death Aid,D,999,1
D016,Neuro Exam          ,D,999,1
D017,Drug Test           ,D,999,1
D018,Medical/consultation,D,999,1
D019,ID                  ,D,999,1
D020,Personal Loan - RTC,D,999,1
D021,shoes,D,999,1
D022,License Verification,D,999,1
D023,Tel.Bill            ,D,999,1
D024,Insurance           ,D,999,1
D025,Others,D,999,1
D026,Extra Paraph. - Namecloth Patch,D,999,1
D027,Extra Paraph. - PADPAO Patch,D,999,1
D028,Extra Paraph. - Agency Shoulder Patch,D,999,1
D029,Extra Paraph. - Collar Pin(Regular),D,999,1
D030,Extra Paraph. - Collar Pin(Officer),D,999,1
D031,Extra Paraph. - Pershing Cap,D,999,1
D032,Extra Paraph. - Womens Cap,D,999,1
D033,Extra Paraph. - Buckle,D,999,1
D034,Extra Paraph. - Belt Set,D,999,1
D035,Extra Paraph. - ID Strap /  ID Holder,D,999,1
D036,Extra Paraph. - Flashlight only,D,999,1
D037,Extra Paraph. - Flashlight Holder,D,999,1
D038,Extra Paraph. - Necktie,D,999,1
D039,Necktie Pin,D,999,1
D040,Extra Paraph. - Nightstick,D,999,1
D041,Extra Paraph. - Nightstick Holder,D,999,1
D042,Extra PPE - Raincoat(Poncho),D,999,1
D043,Extra PPE - Rain Boots,D,999,1
D044,Extra Uniform - Barong Set,D,999,1
D045,Extra Paraph. - Whistle,D,999,1
D046,Shuttle,D,999,1
D047,Canteen,D,999,1
D048,GEMCO Coop Membership,D,999,1
D049,TAX DEFICIT,D,999,1
D050,Extra Uniform - Barong,D,999,1
D051,Extra Uniform - Pants,D,999,1
D052,Extra Uniform - Upper TYPE A,D,999,1
D053,battery,D,999,1
D054,Extra Uniform - Blazer Set,D,999,1
D055,Extra Uniform - Blazer,D,999,1
D056,Holster,D,999,1
D057,GEMCO Coop Products,D,999,1
D058,rice,D,999,1
D059,birthday gift,D,999,1
D060,padpao raffle,D,999,1
D061,Extra Paraph. - Patches,D,999,1
D062,in-plnt shoes,D,999,1
D063,raincoats/rainboots,D,999,1
D064,flu vaccination,D,999,1
D065,medicines,D,999,1
D066,first aid med kit,D,999,1
D067,nuero and drug test,D,999,1
D068,polygraph exam,D,999,1
D069,GEMCO Coop Savings,D,999,1
D070,working permit,D,999,1
D071,sagsd penalty,D,999,1
D072,Voluntary Additional Insurance,D,999,1
D073,salary adj,D,999,1
D074,Extra Paraph. - Lanyard,D,999,1
D075,Over Pymnt MA (Nov. 1-15),D,999,1
D076,e-load,D,999,1
D077,Name Cloth,D,999,1
D078,GEMCO Coop Loans,D,999,1
D079,Extra PPE - Hardhat,D,999,1
D080,Extra PPE - Spectacles/Goggles,D,999,1
D081,Extra Paraph. - Badge,D,999,1
D082,Earpiece,D,999,1
D083,RLM,D,999,1
D084,headphone,D,999,1
D085,SSS Condonation,D,999,1
D086,GEMCO Coop Cellphone,D,999,1
D087,medical,D,999,1
D088,Extra Uniform - Safety Shoes,D,999,1
D089,Liver Profile,D,999,1
D090,Contractual Penalty,D,999,1
D091,Payment for barracks,D,999,1
D092,Late,D,999,1
D093,barracks rental,D,999,1
D094,Extra Uniform - Agency Poloshirt,D,999,1
D095,Extra PPE - Traffic Vest,D,999,1
D096,Hospitalization Assistance,D,999,1
D097,firearms repair,D,999,1
D098,donations,D,999,1
D099,GEMCO Coop Hospitalzation Aid Membership,D,999,1
D100,Tondo Children Donation,D,999,1
D101,Air fare,D,999,1
D102,HDMF Calamity Loan,D,999,1
D103,Vaccination,D,999,1
D104,X-Ray,D,999,1
D105,Touch Checker Repair,D,999,1
D106,Annual Physical Examination,D,999,1
D107,Adjusment: Insurance,D,999,1
D108,RLM cert.,D,999,1
D109,ECG,D,999,1
D110,BOSH Training,D,999,1
D111,Medical,D,999,1
D112,Neuro Exam,D,999,1
D113,Dri Fit Shorts/Shirt,D,999,1
D114,Booklet,D,999,1
D115,payment of laptop,D,999,1
D116,Electric Bill,D,999,1
D117,Go-Bag/Kit,D,999,1
D118,Payment for Boarding House,D,999,1
D119,LBC Mail Charge,D,999,1
D120,Basic Gun Handling,D,999,1
D121,Lost Firearm,D,999,1
D122,Extra Paraph. - SOSIA Patch,D,999,1
E001,Basic Pay,E,1,1
E002,Absences/Undertime,D,999,1
E003,Reg. OT,E,2,1.25
E004,Night Diff. Pay,E,3,0.1
E005,Rest Day Pay,E,4,0.3
E006,Rest Day OT Pay,E,5,1.69
E007,Legal Holiday Pay,E,6,1
E008,Legal Holiday OT Pay,E,7,2.6
E009,Special Holiday Pay,E,8,0.3
E010,Special Holiday OT Pay,E,9,1.69
E011,Rest Day - Legal Holiday Pay,E,10,1.6
E012,RDLH/SHLH OT Pay,E,11,3.38
E013,Rest Day - Special Holiday Pay,E,12,0.5
E014,Rest Day - Special Holiday OT Pay,E,13,1.95
E015,Allowance      ,E,999,1
E016,ECOLA          ,E,14,1
E017,Salary Adjust. ,E,999,1
E018,Incentive Leave,E,999,1
E019,13th Month     ,E,999,1
E020,TAX REFUND,E,999,1
E021,Retro-Ntaxable ,E,999,1
E022,Refund of Dedn ,E,999,1
E023,RETRO PAY      ,E,999,1
E024,Retro ECOLA    ,E,999,1
E025,Uniform Allowance,E,999,1
E026,Additional Allowance,E,999,1
E027,ECOLA (added),E,999,1
E028,Provision for Retirement,E,999,1
E029,Meal Allowance,E,999,1
E030,Neuro-Drug Test Refund,E,999,0
E031,Meal Allow Adj. (Nov. 1-15),E,999,0
E032,13th Month (Nov. 16-30),E,999,1
E033,Des Minimis,E,999,1
E034,Rice Subsidy,E,999,1
E035,Transpo Reimbursement,E,999,1
E036,Insurance Premium Refund,E,999,1
E037,Rest Day Special Holiday Adjustment,E,999,1
E038,Retro Pay(GSIA),E,999,1
E039,Retro Pay(Blueflame),E,999,1
E040,OJT Allowance,E,999,1
E041,CTPA,E,999,1
E042,CTPA Reg Holiday,E,999,1
E043,Retro CTPA,E,999,1
E044,COLA,E,999,1
E045,Laundry,E,999,1
E046,Clothing/Uniform Allowance,E,999,1
E047,SEA,E,999,1
E048,Sea Reg Hol,E,999,1
E049,Retro Pay- SEA,E,999,1
E050,Retro Pay LH Cola,E,999,1
E051,Tax Refund 2014,E,999,1
E052,ECOLA LH,E,999,1
E053,ECOLA RDLH,E,999,1
E054,CTPA RDLH,E,999,1
E055,Sea RDSH,E,999,1
E056,Incentive Bonus,E,999,1
E057,Special Holiday Adjustment,E,999,1
E058,Referral Incentive,E,999,1
E059,Meal/Housing Allowance,E,999,1
E060,Meal Allowance,E,999,1
E061,Unworked LH,E,999,1
E062,SIL adjustment,E,999,1
E063,Night Diff Pay Adjustment,E,999,1
E064,Shuttle Allowance,E,999,1
D123,CTPA over payment Nov 2016,D,999,1
D124,Over payment 13th month pay 2016,D,999,1
D125,Rest Day Legal Hol Adjustment,D,999,1
E067,Rockwell Collins Family Day,E,999,1
E065,Tax Refund 2016,E,999,1
E066,ICA fair/Variety show,E,999,1
D126,Gervasio Hospitalization,D,999,1
D127,Hospitalization Share (GC),D,999,1
E068,Tax Refund 2017,E,999,1
D128,Extra PPE - Earplug,D,999,1
D129,Extra PPE - Chemical Mask,D,999,1
E069,Annual Incentive Leave 2017,E,999,1
D131,Refund of Rest day pay April 01-15,D,999,1
D130,GEMCO Coop Medical Assistance,D,999,1
D132,Extra Uniform - Charol Shoes,D,999,1
D133,GEMCO Coop Loans1,D,999,1
D134,GEMCO Coop Products1,D,999,1
D135,GEMCO Coop Products2,D,999,1
D141,Excess 4hours OT,D,999,1
D136,Excess Night Diff. Pay,D,999,1
E070,Legal Holiday Adjustment,E,999,1
D137,Honda City repair,D,999,1
D138,Donation,D,999,1
E071,Allowance Adjustment,E,999,1
E072,LEGAL HOLIDAY PAY,E,999,1
D139,CASH ADVANCE,D,999,1
E073,RDLH PAY,E,999,1
D140,Over payment midyear july 1-15,D,999,1
E074,RESTDAY LEGAL HOL,E,999,1
E075,RDLH OT,E,999,1
D143,License Processing,D,999,1
D142,Markmanship training,D,999,1
D144,Meals,D,999,1
D145,C.A,D,999,1
E076,COLA REFUND,E,999,1
D149,Personal Loan - CA,D,999,1
D148,Radio,D,999,1
D146,Over Payment Late,D,999,1
D147,Over Payment,D,999,1
D150,HEPA A&B TEST,D,999,1
E077,Refund of Deduction,E,999,1
E079,Canteen Allowance,E,999,1
E078,Transpo Allowance,E,999,1
D151,OverPayment,D,999,1
D152,Extra Paraphernalia1,D,999,1
D153,Personal Loan - PLTC,D,999,1
E081,Double Hol,E,999,2
E080,Hazard Pay,E,999,1
E082,Double Hol OT,E,999,3.9
E083,RD Double Hol,E,999,2.9
E084,RD Double Hol OT,E,999,5.07
E086,Premium Pay,E,999,1
E085,Stay-In Incentives,E,999,1
D197,SSS Calamity Loan,D,999,1
E087,Allowance,E,999,1
D200,GEMCO COOP HAM Old,D,999,1
D207,GEMCO Coop Medicine 2,D,999,1
D198,Cash Loan (mgv),D,999,1
D199,Cash Loan 2 (mgv),D,999,1
D201,GEMCO COOP HAM Addtnl,D,999,1
D202,GEMCO COOP HAM Newly Hired,D,999,1
D203,Hospitalization Aid I,D,999,1
D204,Hospitalization Aid II,D,999,1
D205,Hospitalization Aid III,D,999,1
D206,GEMCO Coop Medicine,D,999,1
E088,Hazard PAY,E,999,1
E089,DC Mtg Attendance,E,999,1
E090,ShuttleAllowance,E,999,1
E091,ND Overtime,E,999,1
E092,ND Restday,E,999,1
E093,ND Restday OT,E,999,1
D208,SSS Prem - Adjustment,D,999,1
D209,CashAdvance,D,999,1
D210,CASHADVANCE,D,999,1
